"","decile","count","avg_pre_spent","avg_Actual_spend"
"1",10,150,812.189202776474,937.4948
"2",9,150,636.914195494248,711.779266666667
"3",8,150,541.702116779979,603.4386
"4",7,150,474.186306526174,525.2118
"5",6,150,422.41194155281,485.390733333333
"6",5,150,378.578718616136,415.8442
"7",4,150,344.700722796379,360.233133333333
"8",3,150,316.77228076125,371.632933333333
"9",2,150,287.294458710418,334.494133333333
"10",1,150,241.156992327134,265.475533333333
